Date,Total crawl requests,Total download size (Bytes),Average response time (ms)
2026-05-06,11,799949,33
2026-05-07,1,9816,52
2026-05-08,4,45670,116
2026-05-09,3,37318,204
2026-05-10,23,945148,127
2026-05-11,120,1448948,122
2026-05-12,59,805421,143
2026-05-13,12,809794,142
2026-05-14,55,607779,173
2026-05-15,276,3996525,189
2026-05-16,1042,20329222,123
2026-05-17,3121,60948543,119
2026-05-18,1818,37786169,133
2026-05-19,3227,79480297,128
2026-05-20,240,5423239,163
2026-05-21,3698,108602954,101
2026-05-22,1082,211353683,188
2026-05-23,182,59926840,122
2026-05-24,822,331946377,166
2026-05-25,408,211558725,208
2026-05-26,116,35130085,327
2026-05-27,145,66210328,360